{
  "max_abs_residual": 1.8724171518824662e-16,
  "mean_abs_residual": 1.5787722877675503e-17,
  "ok_tolerance_1e-9": true
}
