{
  "max_abs_residual": 9.947554932554503e-17,
  "mean_abs_residual": 7.374370857146465e-18,
  "ok_tolerance_1e-9": true
}
