{
  "selected_candidate_id": "C007",
  "selected_params": {
    "buy_cadence_days": 18,
    "buy_turnover_cap_ratio": 0.09996350834743271,
    "candidate_id": "C007",
    "params_json": "{\"buy_cadence_days\": 18, \"buy_turnover_cap_ratio\": 0.09996350834743271}"
  },
  "selection_stats": {
    "CAGR_total": 0.08909301752159382,
    "MDD_total": -0.09632418098369622,
    "avg_cash_weight_total": 0.8249780297616827,
    "avg_exposure_total": 0.17502197023831736,
    "buy_cadence_days": 18,
    "buy_turnover_cap_ratio": 0.09996350834743271,
    "candidate_id": "C007",
    "cost_total_total": 116.03075037501453,
    "days_cash_ge_090_frac_total": 0.444794952681388,
    "days_defensive_frac_total": 0.8196635120925342,
    "days_with_budget_binding": 20,
    "days_with_cadence_binding": 324,
    "equity_final_total": 192233.65663536082,
    "is_feasible_total": 1,
    "n_buy_blocked_by_budget": 174,
    "n_buy_blocked_by_cadence": 3240,
    "num_switches_total": 163,
    "p50_exposure_total": 0.14729302809791683,
    "params_json": "{\"buy_cadence_days\": 18, \"buy_turnover_cap_ratio\": 0.09996350834743271}",
    "r_cash_total": 0.48,
    "r_eq_total": 0.52,
    "r_exp_total": 0.52,
    "r_mdd_total": 0.32,
    "r_time_total": 0.3,
    "r_turn_total": 0.48,
    "robust_score": 0.388,
    "score_total_v2": 0.4366666666666667,
    "sharpe_total": 1.2294585701916014,
    "time_in_market_frac_total": 1.0,
    "turnover_total_total": 3.456336082978742,
    "viol_avg_exposure": 0,
    "viol_cash_090": 0,
    "viol_mdd": 0,
    "viol_time_in_market": 0,
    "viol_turnover": 0
  },
  "task_id": "T059-PARTICIPATION-OBJECTIVE-V2"
}
