{
  "avg_exposure_full": 0.8733867216102486,
  "cagr_full": 0.20453827631917076,
  "days_cash_ge_090_frac_full": 0.0,
  "days_mode_a_frac_full": 0.5325972660357519,
  "days_mode_b_frac_full": 0.46740273396424814,
  "equity_final_full": 407080.8915866869,
  "equity_final_holdout": 407080.8915866869,
  "equity_final_train": 244629.51885563607,
  "excess_return_2023plus_vs_t044_holdout": 0.20678170822170983,
  "excess_return_P1_vs_T037_train": 0.09930616250123103,
  "excess_return_P2train_vs_T067": -0.1309903036760146,
  "mdd_full": -0.29779520837259577,
  "mdd_holdout": -0.19522977594305846,
  "mdd_train": -0.29779520837259577,
  "mode_switches_total": 64,
  "selected_candidate_id": "W30_T0p0005_HI2_HO4_SINAL-2_B0",
  "sharpe_full": 0.9613107094156561,
  "sharpe_holdout": 0.9089461853496293,
  "sharpe_train": 0.9986085870050986,
  "task_id": "T072-DUAL-MODE-ENGINE-ABLATION-V1",
  "time_in_market_frac_full": 1.0,
  "turnover_total_full": 52.14420029433587
}
