{
  "c060_holdout": {
    "cagr": 0.13127617726007235,
    "equity_final": 506432.23005006375,
    "mdd": -0.1872105619419745,
    "sharpe": 0.9615496796896138
  },
  "delta_holdout_vs_c060_abs": 10531.82625944278,
  "delta_holdout_vs_c060_pct": 0.020796121641787346,
  "subperiods": {
    "SP_2019H2_2020": {
      "c060": {
        "cagr": 0.5663668361726457,
        "equity_final": 256931.6258314348,
        "mdd": -0.2977952083725959,
        "sharpe": 1.6928892108374862
      },
      "ml": {
        "cagr": 0.28480147172350456,
        "equity_final": 170412.6458730282,
        "mdd": -0.23974234811995054,
        "sharpe": 1.2179482488321196
      },
      "rel_return_vs_c060_pct": -0.3367393160667933
    },
    "SP_2021_2022": {
      "c060": {
        "cagr": 0.16509693958385618,
        "equity_final": 344522.5706843132,
        "mdd": -0.08826018240763234,
        "sharpe": 1.2692494819283704
      },
      "ml": {
        "cagr": 0.20600903644798718,
        "equity_final": 247958.30433385647,
        "mdd": -0.07044335436537208,
        "sharpe": 1.823502004772123
      },
      "rel_return_vs_c060_pct": -0.28028429649370856
    },
    "SP_2023_TO_2024OCT": {
      "c060": {
        "cagr": 0.0892099831420139,
        "equity_final": 402885.4779730433,
        "mdd": -0.16537521558300872,
        "sharpe": 0.6043601791248266
      },
      "ml": {
        "cagr": 0.14658581880413912,
        "equity_final": 318448.8818371951,
        "mdd": -0.07070787619654428,
        "sharpe": 2.5774629997690495
      },
      "rel_return_vs_c060_pct": -0.20957964670421247
    },
    "SP_2025DEC_TO_END": {
      "c060": {
        "cagr": 0.7607352553642592,
        "equity_final": 506432.23005006375,
        "mdd": -0.06721431159426694,
        "sharpe": 2.8368487606757196
      },
      "ml": {
        "cagr": 2.727586029643084,
        "equity_final": 516964.05630950653,
        "mdd": -0.02268067142469432,
        "sharpe": 7.019357161927528
      },
      "rel_return_vs_c060_pct": 0.020796121641787346
    },
    "SP_ACID": {
      "c060": {
        "cagr": 0.09879523603959606,
        "equity_final": 445357.0336021011,
        "mdd": -0.05375646653308319,
        "sharpe": 2.7527351962152338
      },
      "ml": {
        "cagr": 0.1918415661486692,
        "equity_final": 383680.2862364172,
        "mdd": -0.025366573749476484,
        "sharpe": 3.369473784814721
      },
      "rel_return_vs_c060_pct": -0.13848831995946032
    }
  },
  "winner_candidate_id": "C010_N15_CB10",
  "winner_holdout_base": {
    "cagr": 0.20545502446335617,
    "equity_final": 290195.8221002074,
    "mdd": -0.20141267290888942,
    "sharpe": 1.0131252717535713
  },
  "winner_holdout_ml": {
    "cagr": 0.2654071995409062,
    "equity_final": 516964.05630950653,
    "mdd": -0.07070787619654428,
    "sharpe": 3.191865812721084
  },
  "winner_train_ml": {
    "cagr": 0.22804173188826993,
    "equity_final": 247958.30433385647,
    "mdd": -0.23974234811995054,
    "sharpe": 1.2620372387836534
  }
}
