{
  "cagr_all": 0.15066304120620644,
  "cagr_cash_holdout": 0.04734664531546029,
  "cagr_holdout": 0.14247086258480923,
  "cagr_sp500_holdout": 0.20598038817614928,
  "cagr_train": 0.15648066235160418,
  "cash_frac_all": 0.19453207150368035,
  "cash_frac_holdout": 0.14358322744599747,
  "cash_frac_train": 0.2304932735426009,
  "cost_one_way": 0.0001,
  "equity_end_all": 288412.1309012214,
  "equity_end_cash_holdout": 115562.20879480337,
  "equity_end_holdout": 151583.2686145377,
  "equity_end_sp500_holdout": 179484.4701008474,
  "equity_end_train": 190266.46775550625,
  "execution_convention": "state_cash[t] aplica retorno close-to-close de t (proba de t derivada de features shift(1), equivalente operacional a decis\u00e3o no close de t-1).",
  "mdd_all": -0.2852031811628635,
  "mdd_cash_holdout": 0.0,
  "mdd_holdout": -0.12994573017973687,
  "mdd_sp500_holdout": -0.18902206184283987,
  "mdd_train": -0.2852031811628635,
  "rows_all": 1902,
  "rows_holdout": 787,
  "rows_train": 1115,
  "run_id": "T115-PHASE9D-US-BACKTEST-V1",
  "sharpe_all": 0.9030883307547264,
  "sharpe_cash_holdout": 139.68978367904472,
  "sharpe_holdout": 1.1967659562140445,
  "sharpe_sp500_holdout": 1.3399740193792005,
  "sharpe_train": 0.8218840839450474,
  "switches_all": 48,
  "switches_holdout": 22,
  "switches_train": 26,
  "task_id": "T115",
  "total_cost_paid": 0.0048000000000000004,
  "total_switches": 48,
  "winner_from_t114": {
    "cash_frac_holdout": 0.14358322744599747,
    "cash_frac_train": 0.2304932735426009,
    "equity_holdout": 148873.59883549288,
    "equity_train": 187518.30365670493,
    "feasible_train": 1,
    "h_in": 1,
    "h_out": 3,
    "mdd_holdout": -0.13252012189197715,
    "mdd_train": -0.28520318116286325,
    "precision_holdout": 0.17699115044247787,
    "precision_train": 0.5758754863813229,
    "rank": 1,
    "recall_holdout": 0.2127659574468085,
    "recall_train": 0.4805194805194805,
    "sharpe_holdout": 1.1472149387128776,
    "sharpe_train": 0.8055124890278144,
    "switches_holdout": 22,
    "switches_train": 26,
    "threshold": 0.45
  }
}
