{
  "cash_only_growth_final": 1.887150340056798,
  "equity_final_v2_from_f2003": 183.19744460342292,
  "plausible_vs_v2": true
}
